johndoe_ogt@gmail.com,johnlky4856G
jamietan_ogt@gmailcom, jamietjy5843T
sarahsmith_ogt@gmail.com, sarahsmt9346S
davidbrown_ogt@gmail.com, davidbrw7592D
emilyjones_ogt@gmail.com, emilyjns6021E
michaelwang_ogt@gmail.com, michaelwg1235M
lauradavis_ogt@gmail.com, lauradvs8764L
kevinlee_ogt@gmail.com, kevinl7890K
jessicawu_ogt@gmail.com, jessicawu4567J
matthewng_ogt@gmail.com, matthewng2109M
amandachan_ogt@gmail.com, amandac4578A
ryanchoi_ogt@gmail.com, ryanchoi9876R
sophieadams_ogt@gmail.com, sophieadams8712S
alexwilson_ogt@gmail.com, alexwilson3698A
chloebaker_ogt@gmail.com, chloebaker2468C
nathanrobinson_ogt@gmail.com, nathanrob7589N
olivialiu_ogt@gmail.com, olivialiu1234O
danielgarcia_ogt@gmail.com, danielgarcia5678D
emmawong_ogt@gmail.com, emmawong9541E
jacksmith_ogt@gmail.com, jacksmith6321J
hannahkim_ogt@gmail.com, hannahkim8754H
ethanmiller_ogt@gmail.com, ethanmiller4210E
sophieturner_ogt@gmail.com, sophieturner2468S
andrewscott_ogt@gmail.com, andrewscott7531A
lisawilliams_ogt@gmail.com, lisawilliams9087L
ryansmith_ogt@gmail.com, ryansmith3652R
jennifermartin_ogt@gmail.com, jennifermartin7412J
samueljohnson_ogt@gmail.com, samueljohnson5826S
elizabethbrown_ogt@gmail.com, elizabethbrown1234E
williamjones_ogt@gmail.com, williamjones9876W
sarahclark_ogt@gmail.com, sarahclark6543S
michaelrodriguez_ogt@gmail.com, michaelrodriguez2190M
